1gram,nullpvalue,nullcor,pvalue,cor,valence,country
admin,0.588049,-0.096,0.596702,-0.094,4.37,GB
aloha,0.198011,0.226,0.69723,-0.069,7.1,GB
anaphylactic,0.662848,-0.078,0.028636,-0.376,4,GB
airport,0.514993,0.116,0.12091,0.271,6,GB
altercation,0.769367,0.052,0.13015,0.265,3.61,GB
adrenaline,0.383927,0.154,0.652328,-0.08,6.61,GB
apron,0.955831,0.01,0.775458,0.051,5.8,GB
awesome,0.764805,0.053,0.183536,0.234,7.86,GB
accuse,0.212758,0.219,0.88416,-0.026,2.68,GB
affiliation,0.652567,0.08,0.053012,0.335,5.32,GB
alternating,0.549671,-0.106,0.021389,-0.393,5.37,GB
assign,0.821804,-0.04,0.012848,0.422,4.75,GB
astral,0.139832,-0.259,0.592892,-0.095,5.32,GB
antibiotics,0.859121,0.032,0.114897,-0.275,5.05,GB
arena,0.81797,-0.041,0.040117,0.354,5.75,GB
assemble,0.915894,0.019,0.424495,0.142,5.14,GB
acknowledgement,0.416294,0.144,0.050777,0.338,6.53,GB
admiration,0.035068,-0.363,0.88904,-0.025,7.58,GB
affliction,0.746829,0.057,0.932296,-0.015,3.76,GB
abiding,0.088321,-0.297,0.014099,0.417,5.57,GB
animation,0.490234,0.122,0.042502,0.35,6.42,GB
albino,0.95866,-0.009,0.044698,-0.346,4.9,GB
altitude,0.494528,0.121,0.138389,-0.259,5.27,GB
annoy,0.683017,-0.073,0.112845,0.277,2.49,GB
antagonistic,0.990447,-0.002,0.074218,-0.31,4.32,GB
apathy,0.313259,-0.178,0.039853,-0.354,3.68,GB
accept,0.664889,-0.077,0.001617,-0.52,6.39,GB
approach,0.676623,-0.074,0.025046,0.384,5.45,GB
affirmative,0.977693,0.005,0.233966,0.21,5.94,GB
acceptable,0.565351,0.102,0.081941,-0.303,6.59,GB
adobe,0.921354,-0.018,0.845202,0.035,5.25,GB
angst,0.065403,-0.32,0.002122,0.509,3.5,GB
accurate,0.828376,-0.039,0.341526,-0.168,7.42,GB
airplane,0.030892,0.371,0.042343,0.35,5.25,GB
admirer,0.471468,0.128,0.139166,-0.259,7.05,GB
aforementioned,0.113669,-0.276,0.000821,0.547,5.21,GB
aquatic,0.116304,0.274,0.066374,-0.319,6.8,GB
accident,0.757244,0.055,0.87765,0.027,2.55,GB
amnesty,0.006505,-0.458,0.024023,0.386,5.38,GB
angry,0.786668,0.048,0.012515,0.424,2.53,GB
aquarium,0.240691,-0.207,0.057486,-0.329,6.43,GB
aquarium,0.240691,-0.207,0.012109,0.298,6.5974,FR
applejack,0.205236,0.223,0.210034,-0.221,5.79,GB
architecture,0.456297,0.132,0.059829,0.326,6.05,GB
atom,0.068554,0.316,0.00225,-0.506,5.74,GB
assassinate,0.482894,-0.125,0.032781,0.367,3.27,GB
adjourn,0.519889,0.114,0.169846,-0.241,5.5,GB
alphabet,0.83117,-0.038,0.355896,0.163,5.95,GB
anomaly,0.666096,-0.077,0.149786,-0.252,4.84,GB
arouse,0.566912,0.102,0.027438,-0.378,6.67,GB
adrift,0.583916,-0.097,0.002029,0.511,4.36,GB
asshole,0.568203,-0.101,0.002229,0.507,2.11,GB
average,0.423901,0.142,0.000434,-0.57,4.89,GB
absurd,0.29135,-0.186,0.178815,-0.236,4.45,GB
absurd,0.29135,-0.186,0.787505,-0.047,3.66667,DE-W
accursed,0.182431,0.234,0.390131,0.152,3.21,GB
archdiocese,0.914982,0.019,0.500387,-0.12,3.95,GB
attribute,0.145534,0.255,0.102365,0.285,5.67,GB
anarchy,0.071079,0.313,0.335707,-0.17,3.68,GB
albatross,0.911557,0.02,0.804239,-0.044,5.68,GB
amuck,0.436832,0.138,0.132096,0.264,4,GB
acquaintance,0.466803,-0.129,0.534985,0.11,5.58,GB
allowance,0.557193,-0.104,0.006063,-0.461,6.74,GB
ashamed,0.693854,-0.07,0.338387,0.169,2.52,GB
academic,0.602111,0.093,0.237617,0.208,6.61,GB
alimony,0.373285,0.158,0.849339,0.034,3.86,GB
awake,0.071961,0.312,0.018303,0.402,6.76,GB
adjuster,0.501097,0.119,0.772807,-0.051,4.25,GB
almond,0.446,0.135,0.185401,0.233,6.05,GB
artist,0.26611,-0.196,0.072557,-0.312,6.76,GB
award,0.582978,0.098,0.136927,0.26,7.86,GB
ability,0.672563,-0.075,0.060216,0.326,7,GB
accessible,0.51668,0.115,0.043688,0.348,6.68,GB
affidavit,0.88831,-0.025,0.041923,-0.351,4.38,GB
animated,0.040112,-0.354,0.007192,0.453,6.65,GB
ardent,0.709297,0.066,0.850821,-0.033,4.95,GB
adhesive,0.164509,-0.244,0.045857,-0.345,5.84,GB
anemic,0.277035,-0.192,0.282658,-0.19,3.45,GB
archive,0.760197,-0.054,0.01322,0.421,4.81,GB
ascertain,0.791454,0.047,0.931016,-0.015,5.3,GB
accelerant,0.038218,0.368,0.130188,0.273,4.59,GB
adulthood,0.127477,-0.267,0.12741,0.267,5.05,GB
applaud,0.647165,-0.081,0.709919,0.066,6.7,GB
arrangement,0.475029,-0.127,0.009282,-0.44,5.71,GB
ascend,0.654671,0.08,0.107317,0.281,6.19,GB
auspicious,0.165687,0.243,0.008807,0.442,4.76,GB
accusation,0.388351,0.153,0.459026,0.131,3.38,GB
adversity,0.835369,-0.037,0.005614,0.465,4.26,GB
autobiographical,0.725061,-0.063,0.377708,0.156,4.82,GB
alcoholic,0.532049,-0.111,0.042383,-0.35,2.49,GB
animal,0.547056,0.107,0.059703,-0.326,7.06,GB
adaptation,0.002693,-0.499,0.956615,0.01,5.82,GB
armed,0.04663,0.344,0.403565,-0.148,4.11,GB
available,0.040771,-0.353,0.066071,-0.319,6.86,GB
absurdity,0.215865,0.218,0.261799,-0.198,4.06,GB
adventurer,0.018803,0.401,0.781481,-0.049,7,GB
amount,0.593965,-0.095,0.005006,-0.47,5.42,GB
anagram,0.057453,-0.329,0.67845,0.074,4.37,GB
anguish,0.796654,0.046,0.913409,-0.019,3.14,GB
armpit,0.721158,0.064,0.026111,0.381,4.1,GB
allegation,0.761051,0.054,0.296557,0.184,3.26,GB
alcohol,0.038435,-0.357,0.929047,-0.016,4.11,GB
autism,0.092648,0.293,0.011365,0.429,3.2,GB
acquit,0.581619,-0.098,0.953377,0.01,5.6,GB
affront,0.122458,-0.27,0.447397,0.135,4.53,GB
accomplice,0.81435,-0.042,0.008664,0.443,4.6,GB
anchor,0.116503,-0.274,0.196638,0.227,5.16,GB
apprehensive,0.458568,-0.131,0.145956,-0.255,3.32,GB
anguished,0.537393,-0.11,0.096292,-0.29,2.78,GB
acupuncture,0.74292,0.058,0.921428,0.018,4.81,GB
ambush,0.989249,0.002,0.356605,0.163,3.17,GB
apprehension,0.733189,0.061,0.960028,0.009,4.15,GB
allegiance,0.882349,0.026,0.052362,-0.336,5.8,GB
abbey,0.353263,-0.164,0.319745,-0.176,5.85,GB
arrival,0.780691,0.05,0.819623,0.041,6.67,GB
anthill,0.117246,0.274,0.485239,0.124,4.32,GB
application,0.657403,0.079,0.512554,0.116,5.05,GB
arithmetic,0.731575,0.061,0.194598,-0.228,4.95,GB
arsenic,0.205582,0.223,0.92691,-0.016,3,GB
avert,0.065586,-0.319,0.640872,0.083,5.16,GB
apartments,0.867308,0.03,0.003879,0.482,5,GB
asinine,0.734821,0.06,0.032709,0.367,5.05,GB
appointment,0.273902,-0.193,0.00284,-0.496,4.43,GB
ablaze,0.351041,-0.165,0.082437,0.302,5.15,GB
advice,0.939225,0.014,0.002002,0.511,5.78,GB
anonymous,0.892332,-0.024,0.01774,0.404,5.75,GB
anxious,0.404714,0.148,0.346951,-0.166,3.8,GB
acrobat,0.229306,0.212,0.005632,-0.465,6,GB
apocalypse,0.792725,0.047,0.006016,0.461,3.24,GB
arsonist,0.87216,-0.029,0.142622,0.257,2.5,GB
alzheimers,0.677646,0.128,0.941935,-0.022,2.26,GB
appear,0.841817,0.036,0.000941,-0.542,5.25,GB
automobile,0.405583,0.147,0.15083,-0.252,5.45,GB
automobile,0.405583,0.147,0.046917,-0.338,6.6,IT
acclaim,0.476792,-0.126,0.53726,0.11,6.1,GB
annoyed,0.389349,-0.152,0.4431,0.136,2.8,GB
astonishing,0.712031,-0.066,0.545945,-0.107,6.53,GB
avid,0.941433,-0.013,0.160034,0.246,5.74,GB
amazed,0.810803,0.043,0.01818,0.403,7.55,GB
announce,0.00662,-0.457,0.629211,-0.086,5.52,GB
argue,0.416849,-0.144,0.030034,0.373,3.15,GB
arrogant,0.077381,0.307,0.09315,0.293,2.52,GB
arrogant,0.077381,0.307,0.240019,0.204,2.42667,DE-W
alignment,0.222047,0.215,0.001272,0.53,6,GB
adoptive,0.774707,-0.051,0.229878,0.211,5.67,GB
adore,0.404342,-0.148,0.911568,0.02,7.37,GB
appendix,0.959893,-0.009,0.001126,-0.535,4.81,GB
apologetic,0.399467,0.149,0.000612,0.558,6.65,GB
abundant,0.136642,0.261,0.036111,-0.361,7.55,GB
artwork,0.396084,0.15,0.002856,0.496,6.76,GB
acquittal,0.644558,0.082,0.398125,0.15,6.19,GB
arrive,0.550353,-0.106,0.004236,0.478,6.41,GB
arty,0.014416,-0.416,0.039555,0.355,6.55,GB
able,0.174775,-0.238,0.009424,0.439,6.64,GB
ashtray,0.635175,0.084,0.029448,0.374,3.52,GB
accountability,0.823888,-0.04,0.00383,0.483,4.89,GB
appearance,0.70665,-0.067,0.028265,-0.376,6.14,GB
anaconda,0.560277,0.103,0.104604,0.283,4.43,GB
annulment,0.211717,0.22,0.45823,0.132,4.05,GB
anthropological,0.145466,0.255,0.425377,0.141,5.53,GB
atmospheric,0.157279,-0.248,0.004661,-0.474,5.72,GB
acknowledge,0.383296,-0.154,0.010468,0.433,6.43,GB
approximate,0.228694,0.212,0.005931,-0.462,5.26,GB
armchair,0.220482,-0.216,0.034422,0.364,5.67,GB
audition,0.084441,-0.3,0.145995,0.255,5.2,GB
area,0.522166,0.114,0.008752,-0.443,5.56,GB
acoustic,0.336488,-0.17,0.604636,-0.092,7.1,GB
astonished,0.4678,0.129,0.488175,0.123,6.42,GB
alcoholism,0.235548,-0.209,0.202845,-0.224,2,GB
angle,0.554299,-0.105,0.085212,-0.3,4.55,GB
annul,0.430183,0.14,0.156948,0.248,3.83,GB
anonymity,0.816064,0.041,0.011821,0.427,4.81,GB
authentic,0.502889,0.119,0.007801,0.449,6.91,GB
abject,0.824966,0.039,0.039587,0.355,4,GB
accord,0.243624,0.206,0.002213,-0.507,6.38,GB
autopsy,0.223622,0.214,0.102353,-0.285,2.62,GB
ambient,0.604549,0.092,0.289758,-0.187,6.33,GB
appendicitis,0.430292,-0.14,0.19451,-0.228,1.86,GB
astronomy,0.814856,-0.042,0.938921,-0.014,6,GB
anthropology,0.868558,0.029,0.250916,0.202,5.3,GB
anxiety,0.459472,0.131,0.022627,0.39,2.38,GB
articulate,0.834686,0.037,0.074283,0.31,6.55,GB
air,0.415074,0.144,0.225667,-0.213,6.71,GB
appreciation,0.655521,0.079,0.747364,0.057,7.3,GB
aptitude,0.022324,0.391,0.167257,-0.242,5.95,GB
aptitude,0.022324,0.391,6.10E-07,-0.555,6.71429,FR
accounting,0.684653,-0.072,0.048598,0.341,4.42,GB
auxiliary,0.822921,-0.04,0.028041,-0.377,5.26,GB
apple,0.359318,-0.162,0.153554,0.25,6.62,GB
authorization,0.875216,-0.028,0.002634,0.499,5.86,GB
actress,0.003802,-0.483,0.226125,-0.213,5.42,GB
adorable,0.051047,0.337,0.058732,0.327,7.4,GB
adorable,0.051047,0.337,0.21977,0.26,7.48,ES
audible,0.109091,0.28,0.152293,0.251,6.05,GB
abide,0.625685,0.087,0.268825,0.195,5.52,GB
algebra,0.839948,-0.036,0.593103,0.095,5.4,GB
assemblyman,0.721593,0.063,0.641207,-0.083,5,GB
accent,0.625636,-0.087,0.004502,0.475,6.48,GB
ancestor,0.031149,-0.37,0.165341,-0.243,6.37,GB
arrange,0.798357,0.045,0.075444,-0.309,5.15,GB
adolescent,0.610883,0.09,0.111761,-0.278,5.38,GB
acetylene,0.263297,0.197,0.135715,-0.261,4.11,GB
administrative,0.390988,-0.152,0.00616,-0.46,4.79,GB
apology,0.568973,0.101,0.018503,0.402,6.24,GB
aggression,0.800968,-0.045,0.452583,-0.133,3.18,GB
amputation,0.906369,0.021,0.423942,-0.142,1.84,GB
astound,0.182099,-0.234,0.510722,0.117,6.3,GB
ace,0.684527,0.072,0.151485,0.251,6.37,GB
architect,0.706171,0.067,0.475272,-0.127,6.21,GB
aspire,0.314687,0.178,0.030866,0.371,6.43,GB
alleviate,0.373817,0.157,0.404327,0.148,6.25,GB
assembly,0.809269,-0.043,0.137575,-0.26,5.47,GB
axe,0.580775,-0.098,0.743666,-0.058,3.48,GB
attract,0.098302,0.288,0.022036,0.392,6.38,GB
auburn,0.439942,-0.137,0.710747,0.066,5.89,GB
account,0.516184,-0.115,0.591555,0.095,5.39,GB
amnesia,0.74839,-0.057,0.143851,0.256,3.43,GB
analogy,0.518888,0.115,0.307994,-0.18,5.24,GB
arm,0.07219,-0.312,0.172859,0.239,5.44,GB
abomination,0.263562,0.197,0.171926,0.24,2.5,GB
antique,0.85355,-0.033,0.265977,0.196,6.5,GB
aristocratic,0.561799,-0.103,0.76542,0.053,5.79,GB
abstinence,0.901851,0.022,0.656259,-0.079,3.43,GB
admittance,0.819236,0.041,0.653705,-0.08,6.29,GB
acceptance,0.209315,0.221,0.000679,-0.554,6.84,GB
aristocrat,0.850168,0.034,0.153173,-0.25,4.28,GB
assertive,0.2637,0.197,0.265845,0.196,5.37,GB
atoll,0.263012,-0.197,0.662794,-0.078,5.14,GB
auditorium,0.068885,-0.316,0.306165,0.181,6.05,GB
adder,0.102746,0.285,0.003373,-0.489,4.45,GB
anecdote,0.44729,0.135,0.151357,0.251,5.62,GB
appreciative,0.457615,-0.132,0.032727,0.367,7.14,GB
auction,0.482925,-0.125,0.030137,0.372,5.43,GB
artifact,0.061044,0.325,0.056845,0.33,6.2,GB
academy,0.55308,0.105,0.091175,0.294,5.32,GB
affinity,0.563247,0.103,0.010042,-0.436,5.86,GB
arrogance,0.503373,0.119,0.223693,0.214,2.55,GB
antidote,0.453441,-0.133,0.022402,0.391,6.55,GB
artillery,0.418464,0.143,0.479665,0.125,4.1,GB
aftermath,0.582276,-0.098,0.002897,0.495,4.29,GB
alley,0.820801,-0.04,0.000969,0.54,4.17,GB
argument,0.193202,-0.229,0.146908,0.254,2.62,GB
airspeed,0.694812,0.07,0.215522,0.218,4.95,GB
aggressive,0.118043,-0.273,0.133951,0.262,3.08,GB
armored,0.875948,0.028,0.047654,0.342,5.67,GB
auditory,0.747449,0.057,0.27167,-0.194,5.05,GB
arrhythmia,0.92208,0.017,0.083228,0.301,3.86,GB
audio,0.913112,-0.019,0.040309,0.353,6.56,GB
ammo,0.253617,-0.201,0.969934,0.007,4.18,GB
autopilot,0.55063,-0.106,0.000276,0.585,5.65,GB
acre,0.381711,0.155,0.028621,-0.376,5.53,GB
acre,0.381711,0.155,0.750938,0.068,4.23,ES
antsy,0.594506,0.096,0.020566,0.401,4.36,GB
armament,0.008498,-0.444,0.080793,-0.304,5.05,GB
add,0.313242,-0.178,0.012212,0.425,6.23,GB
ado,0.495272,-0.121,0.345602,-0.167,4.82,GB
announcer,0.881208,0.027,0.314752,-0.178,5.84,GB
acne,0.145385,0.255,0.474288,0.127,2.18,GB
appoint,0.231607,0.211,0.025343,-0.383,5.95,GB
assailant,0.189557,-0.231,0.325623,0.174,3.24,GB
almanac,0.841783,-0.036,0.775706,-0.051,5.55,GB
absolution,0.0855,0.299,0.357594,0.163,6.58,GB
avalanche,0.905963,0.021,0.59803,0.094,4,GB
aid,0.222859,-0.215,0.032474,-0.368,6.29,GB
arraignment,0.948538,0.011,0.815156,-0.042,3.91,GB
assume,0.354331,0.164,0.129908,-0.265,4.41,GB
agreement,0.051635,-0.337,0.013082,-0.421,6.75,GB
anvil,0.68203,0.073,0.033313,-0.366,5.05,GB
aerodynamic,0.061127,-0.325,0.883343,0.026,6.16,GB
appalling,0.850088,-0.034,0.136597,-0.261,2.95,GB
airlock,0.51211,0.116,0.307037,0.18,4.85,GB
ancestral,0.155821,0.249,0.151635,0.251,6.6,GB
agitate,0.0985,-0.288,0.167243,-0.242,3.36,GB
antelope,0.587858,-0.096,0.971208,0.006,5.68,GB
argumentative,0.470797,0.128,0.072721,0.312,3.2,GB
astronomical,0.955248,0.01,0.415616,-0.144,6.37,GB
afternoon,0.685006,0.072,0.856665,0.032,6.68,GB
abyss,0.591315,-0.095,0.023896,0.387,3.9,GB
anger,0.590716,0.096,0.0031,0.492,2.5,GB
alloy,0.718641,-0.064,0.079018,-0.305,5.2,GB
adjacent,0.670054,0.076,0.002415,-0.503,5.15,GB
anthrax,0.018173,0.403,0.015833,0.411,2.32,GB
arctic,0.515156,-0.116,0.043864,-0.348,4.45,GB
airfield,0.880919,-0.027,0.333829,-0.171,5.74,GB
aisle,0.782548,0.049,0.406435,-0.147,5.17,GB
allow,0.238324,-0.208,0.02018,0.397,6.39,GB
alumnus,0.00646,0.458,0.052295,0.336,4.95,GB
approve,0.303486,-0.182,0.177586,-0.237,7,GB
attend,0.141308,0.258,0.44461,0.136,5.4,GB
attack,0.277225,-0.192,0.150499,-0.252,2,GB
accomplishment,0.249883,-0.203,0.51537,-0.116,8.05,GB
analyzer,0.825858,0.039,0.667441,-0.076,4.62,GB
anthropologist,0.423838,-0.142,0.874336,0.028,5.7,GB
apricot,0.420045,-0.143,0.560112,0.104,5.95,GB
aqua,0.668397,0.076,0.334224,-0.171,6.5,GB
astronomer,0.212814,0.219,0.974299,0.006,5.59,GB
abominable,0.725656,0.062,0.789548,0.048,4.05,GB
administration,0.382216,-0.155,0.093805,-0.292,4.45,GB
appendage,0.641898,-0.083,0.036904,-0.359,4.23,GB
assorted,0.151308,-0.252,0.006038,0.461,5.82,GB
apply,0.218458,-0.217,0.347749,0.166,5.16,GB
allure,0.334842,-0.171,0.009517,0.438,6.9,GB
aerospace,0.110898,0.278,0.759563,0.054,5.79,GB
anesthesia,0.401255,0.149,0.456337,-0.132,4.84,GB
abstract,0.317988,-0.177,0.288552,-0.187,5.25,GB
acceleration,0.872751,0.029,0.021402,-0.393,6.19,GB
affect,0.504544,0.118,0.263922,0.197,5.65,GB
arbitration,0.23553,0.209,0.258939,0.199,4.09,GB
advance,0.908775,0.02,0.128713,-0.266,6.11,GB
advanced,0.920612,0.018,0.087098,-0.298,6.14,GB
ancestry,0.890543,-0.025,0.174709,0.238,6.29,GB
adversary,0.380407,-0.155,0.025805,0.382,4.55,GB
anorexic,0.729312,-0.062,0.576549,0.099,2.71,GB
anterior,0.737756,-0.06,0.010859,-0.431,4.89,GB
amateur,0.358183,-0.163,0.432376,-0.139,4.58,GB
aspen,0.913421,0.019,0.310487,-0.179,6.57,GB
assess,0.001039,-0.538,0.00606,0.461,5.84,GB
annual,0.898004,0.023,0.000223,-0.592,5.19,GB
ascension,0.284239,-0.189,0.021177,0.394,5.77,GB
asphalt,0.300375,0.183,0.921245,0.018,4.46,GB
amaze,0.350158,-0.165,0.094442,0.291,7.24,GB
ask,0.634702,0.084,0.000391,0.574,5.95,GB
advise,0.687984,0.071,0.66594,-0.077,5.44,GB
ample,0.83978,0.036,0.1509,-0.252,5.89,GB
agony,0.243635,-0.206,0.483603,0.124,2.46,GB
abalone,0.053683,-0.334,0.407945,0.147,5.3,GB
accommodation,0.186526,0.232,0.998173,0,6.76,GB
activity,0.665946,0.077,0.003243,-0.49,6.21,GB
agile,0.063554,0.322,0.002024,0.511,5.95,GB
agile,0.063554,0.322,0.098493,-0.284,6.83871,IT
await,0.765548,-0.053,0.095217,-0.291,5.33,GB
african,0.059254,-0.327,0.133027,-0.263,6.42,GB
aloof,0.334105,0.171,0.078557,-0.306,4.59,GB
auctioneer,0.256707,-0.2,0.785504,0.048,5.09,GB
abundance,0.68651,0.072,0.596512,0.094,6.67,GB
airline,0.572923,-0.1,0.0379,0.358,5.36,GB
applause,0.724763,-0.063,0.402953,0.148,7.12,GB
authenticate,0.337424,0.17,0.002701,0.498,5.1,GB
antiseptic,0.560245,-0.103,0.22215,-0.215,4.57,GB
ape,0.025945,-0.382,0.276989,0.192,5.21,GB
ape,0.025945,-0.382,0.475962,-0.125,3.8125,IT
anesthetic,0.180871,0.235,0.299547,-0.183,5.48,GB
advertise,0.789494,-0.048,0.002378,0.504,5.16,GB
alone,0.734922,0.06,0.912587,-0.02,3.85,GB
amazing,0.106363,0.282,0.00023,0.591,7.72,GB
authority,0.008367,-0.445,0.053634,-0.334,4.76,GB
asphyxia,0.439325,0.137,0.15656,-0.248,2.19,GB
accountable,0.192875,0.229,0.009595,0.438,5.7,GB
ambition,0.726451,-0.062,0.216498,0.218,7.28,GB
ambition,0.726451,-0.062,1.40E-08,0.616,7.5974,FR
analytical,0.839749,-0.036,0.859778,-0.031,6,GB
appraisal,0.311676,-0.179,0.947891,0.012,5.09,GB
abrupt,0.680379,-0.073,0.13405,-0.262,3.28,GB
assassination,0.054748,0.332,2.80E-06,0.708,1.83,GB
admiral,0.33224,-0.171,0.912744,0.02,4.8,GB
admire,0.685438,-0.072,0.486215,0.124,7.35,GB
aesthetic,0.881016,0.027,0.258132,0.199,5.43,GB
alarm,0.683099,-0.073,0.20727,0.222,3.86,GB
applesauce,0.329467,-0.172,0.060039,-0.326,6.9,GB
airliner,0.191024,0.23,0.753973,-0.056,6.05,GB
anytime,0.147991,0.254,0.00458,0.474,5.81,GB
abusive,0.863119,0.031,0.003235,0.49,2.05,GB
accordion,0.71004,-0.066,0.011662,0.428,5.26,GB
asteroid,0.373329,0.158,0.003241,0.49,4.95,GB
alabaster,0.401746,0.149,0.520215,-0.114,5.5,GB
arise,0.347698,0.166,0.000386,-0.574,6.17,GB
asylum,0.546145,-0.107,0.005001,0.47,3.24,GB
airtight,0.389871,-0.152,0.091985,0.294,5.1,GB
alderman,0.465724,-0.129,0.311473,-0.179,4.44,GB
ammonium,0.948854,-0.011,0.020911,-0.395,4.06,GB
armor,0.411976,0.145,0.007966,0.447,6.1,GB
attach,0.641175,0.083,0.912038,-0.02,5.26,GB
anticipate,0.420265,-0.143,0.229613,0.212,6,GB
anus,0.181242,0.235,0.058015,-0.328,2.9,GB
appropriate,0.04571,0.345,0.564441,0.102,6.1,GB
amend,0.68006,0.073,0.632627,0.085,5.85,GB
amulet,0.55364,0.105,0.102084,-0.285,5.75,GB
adventure,0.197949,-0.226,0.094327,0.292,7.4,GB
alienate,0.125282,0.268,0.637138,-0.084,2.79,GB
activist,0.420408,-0.143,0.010044,0.435,6.24,GB
alien,0.49088,0.122,0.588846,-0.096,4.45,GB
assault,0.440144,-0.137,0.513408,0.116,2.05,GB
audacious,0.132618,0.263,0.009142,0.44,5.11,GB
adoring,0.458674,-0.131,0.276691,0.192,7.38,GB
aviation,0.791228,-0.047,0.041867,0.351,5.9,GB
album,0.85573,0.032,0.188198,0.231,6.19,GB
album,0.85573,0.032,7.80E-09,0.624,6.34177,FR
airship,0.025793,-0.382,0.107809,0.281,5.63,GB
antibiotic,0.225294,-0.214,0.009417,-0.439,5.88,GB
archbishop,0.8871,0.025,0.308074,-0.18,4.71,GB
attest,0.745467,-0.058,0.004443,0.476,5.1,GB
apparel,0.870566,0.029,0.000056,0.634,5.38,GB
assure,0.512096,0.116,0.460426,-0.131,6.33,GB
abduction,0.572106,-0.1,0.053586,0.334,2.05,GB
alligator,0.804368,0.044,0.604194,0.092,4.23,GB
alligator,0.804368,0.044,0.935899,-0.01,4.05063,FR
amusement,0.607338,-0.091,0.291797,0.186,7,GB
antigravity,0.927274,0.016,0.655084,0.079,5.74,GB
accountant,0.254594,0.201,0.172236,-0.24,5.19,GB
agenda,0.717338,-0.064,0.02023,0.397,5.05,GB
apparent,0.343963,0.167,0.001991,-0.511,4.96,GB
archduke,0.829829,0.038,0.548133,0.107,4.15,GB
arthritis,0.375887,-0.157,0.747418,-0.057,2.32,GB
aspiration,0.121428,-0.271,0.817455,0.041,6.26,GB
accidental,0.525513,-0.113,0.053773,-0.334,3.46,GB
altimeter,0.902917,-0.022,0.369107,-0.159,4.5,GB
amuse,0.976526,-0.005,0.797357,0.046,7.1,GB
attendant,0.437241,0.138,0.065502,-0.319,5.63,GB
achy,0.26883,0.195,0.013011,0.422,3.15,GB
anniversary,0.269163,-0.195,0.001125,0.535,6.95,GB
asbestos,0.026019,0.381,0.186497,-0.232,2.24,GB
applicant,0.603002,0.092,0.246246,0.204,4.91,GB
antenna,0.263465,0.197,0.749108,0.057,5.43,GB
attacker,0.306101,0.181,0.024656,0.385,2.23,GB
aviator,0.499094,0.12,0.226254,0.213,6.39,GB
advisement,0.78695,-0.048,0.236538,0.209,4.55,GB
apartment,0.709735,-0.066,0.005973,0.462,5.72,GB
atrophy,0.496799,0.121,0.026747,-0.38,3.16,GB
agonizing,0.339494,0.169,0.057648,-0.329,2.68,GB
astrology,0.297534,-0.184,0.373843,0.157,4.79,GB
asleep,0.164138,0.244,0.023974,0.386,6.5,GB
association,0.146409,0.254,0.02539,-0.383,5.5,GB
abuse,0.143844,-0.256,0.042201,0.35,1.53,GB
addiction,0.046711,-0.343,0.40126,0.149,3.52,GB
admiralty,0.083876,0.301,0.976236,0.005,6.16,GB
advisable,0.948052,-0.012,0.134241,-0.262,5.62,GB
aphrodisiac,0.440285,0.137,0.727751,-0.062,6.43,GB
agency,0.710948,0.066,0.051037,0.337,5.14,GB
agree,0.833145,0.038,0.880497,0.027,7.17,GB
airway,0.191037,0.23,0.004324,0.477,4.95,GB
asphyxiation,0.31131,0.179,0.016521,0.408,1.53,GB
aversion,0.665874,-0.077,0.177832,0.237,4,GB
actor,0.478016,0.126,0.744609,0.058,6.15,GB
advocate,0.5204,-0.114,0.003856,0.482,5.25,GB
aerial,0.964428,-0.008,0.256348,-0.2,6.04,GB
appeal,0.897019,0.023,0.749805,-0.057,6.3,GB
afterlife,0.794537,0.046,0.003543,0.486,5.53,GB
ankle,0.815923,0.041,0.077348,0.307,5.4,GB
annals,0.775284,-0.051,0.170061,0.241,4.8,GB
architectural,0.282163,-0.19,0.577346,0.099,6.32,GB
attire,0.065151,-0.32,0.040718,0.353,6.16,GB
assistant,0.715129,-0.065,0.378308,-0.156,5.91,GB
actual,0.613427,-0.09,0.003803,-0.483,6.22,GB
amazement,0.621842,-0.088,0.102842,0.285,7.29,GB
absence,0.008996,-0.441,0.000224,-0.592,3.86,GB
artistry,0.181367,0.235,0.088389,-0.297,6.91,GB
archaeologist,0.671186,0.076,0.037158,-0.359,5.42,GB
Adidas,0.697096,0.069,0.000985,0.54,5.77,GB
alluring,0.116375,-0.274,0.004517,0.475,6.74,GB
aspiring,0.999749,0,0.00899,0.441,6.89,GB
attendance,0.134912,0.262,0.008998,-0.441,5.95,GB
absent,0.114019,0.276,0.009275,-0.44,4.1,GB
absent,0.114019,0.276,0.011213,0.301,3.41772,FR
adventurous,0.471776,0.128,0.215146,0.218,7.37,GB
apothecary,0.590709,-0.096,0.959217,-0.009,5.48,GB
arrow,0.48659,-0.123,0.053507,0.334,5.24,GB
assassin,0.302547,-0.182,0.120913,0.271,2.11,GB
achievement,0.101618,-0.286,0.007525,-0.45,7.28,GB
apparition,0.175926,-0.238,0.373071,0.158,4.85,GB
arsenal,0.788422,0.048,0.173771,0.239,4.45,GB
abdominal,0.087448,0.298,0.300701,-0.183,4.48,GB
adoption,0.203336,0.224,0.027314,0.378,6.68,GB
afloat,0.828856,0.038,0.640232,-0.083,5.57,GB
ale,0.509317,0.117,0.283555,-0.189,5.95,GB
appetizing,0.265974,0.196,0.911984,-0.02,7,GB
advisor,0.326371,0.174,0.000254,0.588,4.74,GB
abscess,0.940989,-0.013,0.043171,-0.349,2.79,GB
amiable,0.639785,0.083,0.759368,0.055,6.7,GB
advantage,0.834976,0.037,0.887204,-0.025,6.71,GB
accessory,0.630555,0.086,0.030889,-0.371,5.35,GB
aggravation,0.481529,-0.125,0.463045,-0.13,2.48,GB
attentive,0.576532,0.099,0.001487,0.524,6.43,GB
awful,0.082614,0.302,0.025196,0.383,2.28,GB
altar,0.722832,0.063,0.622123,-0.088,5.59,GB
ambiguous,0.83991,-0.036,0.309925,0.179,5.16,GB
affection,0.188139,-0.231,0.415991,-0.144,7.89,GB
artichoke,0.277419,-0.192,0.539932,0.109,5.3,GB
autumn,0.454809,0.133,0.156113,-0.249,7.12,GB
addicted,0.191516,-0.23,0.861372,-0.031,2.89,GB
airstrip,0.999444,0,0.267898,-0.195,4.76,GB
ally,0.597093,-0.094,0.558596,-0.104,6.05,GB
archaeology,0.63355,-0.085,0.480207,0.125,6.1,GB
atlas,0.869753,-0.029,0.882145,0.026,5.95,GB
archaeological,0.424712,0.142,0.231833,0.211,6.05,GB
arrest,0.927769,0.016,0.300052,0.183,2.33,GB
asterisk,0.906235,0.021,0.046506,-0.344,5.38,GB
author,0.903494,-0.022,0.952573,-0.011,6.33,GB
auto,0.627147,0.086,0.869101,0.029,5,GB
ailment,0.251239,-0.202,0.184362,-0.233,3,GB
automotive,0.704412,-0.068,0.083083,0.302,5.37,GB
act,0.144385,-0.256,0.064549,0.321,5.64,GB
aglow,0.472911,0.127,0.163119,0.245,5.84,GB
arbitrary,0.726701,-0.062,0.024731,-0.385,4.15,GB
assistance,0.984878,0.003,0.000407,-0.572,5.82,GB
avocado,0.39757,-0.15,0.048361,0.341,6.32,GB
axle,0.964165,-0.008,0.126442,-0.267,4.67,GB
aardvark,0.079773,0.305,0.389295,0.152,6.26,GB
angora,0.373616,0.158,0.18053,0.235,5.63,GB
attraction,0.324768,0.174,0.127334,-0.267,7,GB
alarming,0.424108,-0.142,0.259664,-0.199,3.52,GB
appreciate,0.187976,-0.231,0.000975,0.54,7.33,GB
advisory,0.654645,0.08,0.020255,-0.397,4.95,GB
afraid,0.474047,0.127,0.717389,0.064,2.25,GB
aircraft,0.239605,-0.207,0.578756,-0.099,6.3,GB
anticipation,0.727706,0.062,0.002946,0.495,5.26,GB
attractive,0.27535,-0.193,0.102352,-0.285,7.19,GB
address,0.058709,0.327,0.005004,0.47,6.11,GB
adultery,0.07039,0.314,0.534391,-0.11,2.81,GB
adolescence,0.421705,0.142,0.024837,-0.384,6,GB
alive,0.911363,-0.02,0.191177,0.23,6.57,GB
amendment,0.896505,-0.023,0.556639,-0.104,5.6,GB
amphibian,0.196838,-0.227,0.004334,-0.477,5.4,GB
arson,0.772966,-0.051,0.110403,0.279,2.26,GB
article,0.238668,-0.208,0.48726,-0.123,5.68,GB
affirmation,0.800984,0.045,0.111676,0.278,5.95,GB
amino,0.753527,-0.056,0.001029,-0.538,4.45,GB
age,0.624781,0.087,0.034421,-0.364,5.78,GB
athletics,0.142822,-0.257,0.548047,0.107,6.14,GB
accompany,0.324016,0.174,0.547928,0.107,5.47,GB
ahoy,0.279755,0.191,0.048977,0.34,5.58,GB
appliance,0.939781,-0.013,0.325621,-0.174,5.15,GB
aristocracy,0.503416,-0.119,0.011572,-0.428,5.21,GB
allergic,0.615047,-0.089,0.02662,-0.38,3,GB
ambrosia,0.245835,0.205,0.459371,-0.131,5.95,GB
anklet,0.130371,-0.265,0.827174,0.039,4.75,GB
apologize,0.132126,-0.264,0.054138,0.333,4.94,GB
administrator,0.553949,0.105,0.575687,-0.099,5.32,GB
aggressiveness,0.826583,0.039,0.008643,-0.443,3.58,GB
appendectomy,0.153563,0.25,0.650195,0.081,2.95,GB
alphabetical,0.286298,0.188,0.010619,-0.433,6.32,GB
ambulance,0.721307,-0.063,0.000137,0.608,3.71,GB
antisocial,0.971354,-0.006,0.011458,0.429,3.21,GB
artificial,0.634971,0.084,0.000516,-0.564,3.86,GB
attain,0.099963,-0.287,0.067707,-0.317,5.85,GB
acid,0.01411,0.417,0.002346,-0.504,3.26,GB
align,0.775879,-0.051,0.004346,0.477,5.95,GB
aroused,0.985942,0.003,0.020401,-0.396,5.95,GB
access,0.509141,0.117,0.011966,0.426,6.68,GB
acute,0.668736,0.076,0.175604,-0.238,5.1,GB
aka,0.770121,-0.052,0.886731,-0.025,4.63,GB
apparatus,0.383363,-0.154,0.003724,-0.484,5.5,GB
assert,0.116596,-0.274,0.083474,0.301,5.68,GB
autistic,0.806935,-0.044,0.132193,0.263,3.62,GB
avail,0.518835,-0.115,0.759109,0.055,5.42,GB
accommodate,0.639783,-0.083,0.132456,0.263,6.35,GB
admirable,0.842247,0.035,0.199034,-0.226,7,GB
amputate,0.222747,0.215,0.340587,0.169,2.1,GB
atrium,0.217413,0.217,0.851184,-0.033,5.95,GB
acquisition,0.617631,-0.089,0.259388,0.199,5,GB
airspace,0.411701,0.145,0.016459,0.409,5.5,GB
ajar,0.50077,-0.12,0.008468,0.444,5,GB
alienation,0.278183,0.191,0.025432,-0.383,2.53,GB
alter,0.949402,0.011,0.002745,-0.498,4.57,GB
annoying,0.888152,-0.025,0.006257,0.46,3,GB
apprentice,0.406276,-0.147,0.52715,-0.112,5.95,GB
ammonia,0.294293,-0.185,0.024077,-0.386,3.74,GB
anti,0.339736,0.169,0.073645,0.311,4.47,GB
abdomen,0.234156,-0.21,0.031564,-0.369,5.43,GB
action,0.675139,0.075,0.019096,-0.4,6,GB
antagonize,0.803669,0.044,0.019346,-0.399,3.15,GB
axis,0.598369,-0.094,0.086518,-0.298,4.19,GB
ancient,0.595215,-0.094,0.184095,0.233,7.24,GB
annihilate,0.807675,0.043,0.283927,0.189,3.15,GB
assumption,0.092107,0.293,0.033793,-0.365,4.3,GB
antichrist,0.959194,0.009,0.164506,0.244,2.36,GB
asset,0.694144,-0.07,0.002323,0.505,7.25,GB
awaken,0.731264,0.061,0.40175,0.149,6.05,GB
aspect,0.581529,-0.098,0.274453,-0.193,4.89,GB
aspect,0.581529,-0.098,4.00E-09,-0.633,5.11688,FR
alleged,0.710345,0.066,0.412893,0.145,3.62,GB
aluminum,0.321974,0.175,0.242346,-0.206,5.1,GB
appease,0.703171,-0.068,0.626461,0.087,5.95,GB
automatic,0.651619,-0.08,0.026326,-0.381,6.05,GB
accumulate,0.76553,0.053,0.000331,-0.579,6.33,GB
addict,0.8406,-0.036,0.115431,-0.275,2.86,GB
authenticity,0.516292,0.115,0.017523,0.405,6.81,GB
anatomy,0.643571,-0.082,0.007475,-0.451,6.29,GB
apache,0.626107,-0.087,0.294807,0.185,5.2,GB
artery,0.466967,0.129,0.655756,-0.079,4.29,GB
abstain,0.301309,0.183,0.624272,0.087,4.4,GB
affair,0.736341,0.06,0.278864,-0.191,3.1,GB
artiste,0.483952,-0.124,0.011814,-0.427,6.33,GB
apostle,0.088133,0.297,0.548482,-0.107,5.5,GB
alternative,0.927739,-0.016,0.666531,0.077,5.33,GB
archangel,0.101759,0.285,0.000047,0.639,7.27,GB
attic,0.75545,-0.055,0.25822,0.199,4.95,GB
accelerator,0.036893,0.359,0.066455,-0.318,5.63,GB
agreeable,0.687056,-0.072,0.854737,0.033,6.9,GB
antiquated,0.633844,0.085,0.719983,-0.064,5,GB
armada,0.428072,0.14,0.849066,-0.034,4.6,GB
amber,0.763884,-0.053,0.768428,-0.052,6.15,GB
ad,0.248909,0.203,0.007792,-0.449,4.11,GB
angina,0.817626,-0.041,0.800489,0.045,2.85,GB
array,0.420011,0.143,0.070183,0.314,5.9,GB
agriculture,0.164548,-0.244,0.000808,-0.547,6.1,GB
advertising,0.707036,-0.067,0.380024,0.155,4.68,GB
awkwardness,0.231933,-0.211,0.04023,0.354,3.86,GB
abolish,0.552998,-0.105,0.003057,-0.493,3.84,GB
acreage,0.376862,-0.156,0.009023,-0.441,5.25,GB
advancement,0.166856,0.243,0.10119,-0.286,7.47,GB
attention,0.480966,0.125,0.044312,0.347,6.68,GB
attention,0.480966,0.125,3.30E-11,0.692,5.72727,FR
adviser,0.928152,0.016,0.431332,-0.14,5.68,GB
affectionate,0.733248,0.061,0.63736,-0.084,7.23,GB
ailing,0.417908,-0.144,0.118714,-0.273,2.95,GB
atomic,0.05828,-0.328,0.000672,-0.554,4.26,GB
adamant,0.499607,0.12,0.102855,0.285,5.45,GB
adapt,0.393266,-0.151,0.016138,0.41,5.84,GB
algorithm,0.819422,-0.041,0.079796,0.305,5.3,GB
alibi,0.397866,-0.15,0.459602,-0.131,4.16,GB
aerobics,0.419646,0.143,0.025744,0.382,6,GB
attachment,0.885769,-0.026,0.096864,0.289,6,GB
awakening,0.505647,-0.118,0.03357,0.365,6.41,GB
ambitious,0.73155,0.061,0.188473,-0.231,6.33,GB
amp,0.734932,0.06,0.766236,-0.053,5.79,GB
aide,0.138495,0.259,0.012068,-0.426,5.6,GB
aide,0.138495,0.259,0.001862,0.366,7.08108,FR
allergy,0.15805,-0.248,0.29371,-0.185,2.9,GB
assist,0.81316,-0.042,0.506783,-0.118,5.95,GB
assurance,0.448537,-0.134,0.104235,-0.283,5.95,GB
ascendant,0.71077,-0.066,0.716217,-0.065,5.29,GB
auntie,0.690213,0.071,0.054388,0.333,6.24,GB
abandonment,0.814208,0.042,0.171939,-0.24,2.63,GB
absolve,0.408542,0.146,0.196331,0.227,4.58,GB
aim,0.20767,0.222,0.031243,0.37,5.95,GB
acrylic,0.694867,-0.07,0.71619,-0.065,5.52,GB
analysis,0.861754,0.031,0.596413,0.094,5.25,GB
alight,0.57405,-0.1,0.493869,0.121,5.67,GB
alteration,0.53842,-0.109,0.005016,-0.47,5.05,GB
amends,0.36688,0.16,0.150055,0.252,6.68,GB
ambassador,0.973696,0.006,0.79867,-0.045,5.5,GB
ambience,0.092623,0.293,0.039639,0.355,6.35,GB
adjective,0.796431,-0.046,0.087107,0.298,5.95,GB
alias,0.656348,0.079,0.023485,-0.388,5,GB
aroma,0.37161,-0.158,0.047468,0.342,7.65,GB
amour,0.666827,-0.077,0.02359,-0.387,6.43,GB
amour,0.666827,-0.077,0.000958,0.386,6.61081,FR
anesthesiologist,0.127181,0.267,0.444217,-0.136,4.95,GB
angel,0.834896,-0.037,0.000962,0.541,7.71,GB
atone,0.807418,0.043,0.2087,0.221,5.6,GB
approval,0.954457,0.01,0.423228,-0.142,6.75,GB
abort,0.745019,0.058,0.411933,0.145,3.1,GB
adoration,0.051156,-0.337,0.207085,0.222,6.47,GB
alliance,0.723955,0.063,0.862943,0.031,6.14,GB
antiaircraft,0.931778,-0.015,0.337896,-0.169,4.85,GB
alpha,0.799723,-0.045,0.790343,-0.047,5.5,GB
ammunition,0.716736,0.065,0.412236,-0.145,4.59,GB
amphibious,0.386122,0.153,0.31035,-0.179,5.75,GB
astonish,0.80049,0.045,0.59118,0.095,5.55,GB
amused,0.284872,-0.189,0.830766,0.038,7.05,GB
alert,0.712266,-0.066,0.004608,0.474,5.38,GB
angelic,0.137784,-0.26,0.000098,0.618,6.68,GB
allegro,0.766613,-0.053,0.491755,-0.122,5,GB
allegro,0.766613,-0.053,0.004437,0.469,8.11429,IT
appalled,0.127264,-0.267,0.279606,0.191,3.62,GB
aunt,0.690549,-0.071,0.133283,0.263,6.56,GB
avenue,0.497386,0.12,0.509135,0.117,5.74,GB
abduct,0.439298,0.137,0.386147,0.153,2.42,GB
admit,0.860161,-0.031,0.550108,-0.106,5.56,GB
autobiography,0.495467,-0.121,0.717359,0.064,5.79,GB
awe,0.785864,0.048,0.0342,0.364,6.85,GB
aggravate,0.668778,-0.076,0.01277,-0.423,2.55,GB
apex,0.788006,0.048,0.057748,-0.329,5.52,GB
admission,0.944285,-0.012,0.025163,-0.383,5.91,GB
airbag,0.928503,-0.016,0.068751,0.321,5.4,GB
abnormal,0.791203,-0.047,0.034814,-0.363,3.53,GB
activation,0.289956,-0.187,0.96559,-0.008,6.14,GB
adhere,0.075617,0.309,0.019806,0.398,5.17,GB
avoidance,0.594068,0.095,0.627458,0.086,3.35,GB
addictive,0.774799,-0.051,0.000838,0.546,3.52,GB
amaretto,0.305196,-0.201,0.058454,0.362,6,GB
animosity,0.107877,-0.281,0.113152,0.277,3.4,GB
autonomy,0.993117,0.002,0.104549,0.283,5.05,GB
astute,0.62071,0.088,0.001393,0.526,6.22,GB
admired,0.507226,-0.118,0.150393,-0.252,7.25,GB
adopt,0.506508,0.118,0.025604,0.382,6.9,GB
adverse,0.317167,-0.177,0.00662,0.457,3.68,GB
appetizer,0.986398,-0.003,0.140377,0.258,7.29,GB
abrasive,0.06959,-0.315,0.177658,-0.237,4.26,GB
alfalfa,0.557148,-0.104,0.216037,-0.218,4.79,GB
anchorage,0.425021,0.141,0.081636,-0.303,5.09,GB
athletic,0.380584,0.155,0.052709,0.335,6.76,GB
annihilation,0.903119,-0.022,0.281011,-0.19,2.58,GB
attempted,0.670339,-0.076,0.000585,-0.559,5.35,GB
advantageous,0.186453,0.232,0.000282,-0.585,6.79,GB
agility,0.811678,-0.042,0.007863,0.448,6.55,GB
ant,0.146197,0.255,0.139763,-0.259,3.9,GB
assortment,0.795051,-0.046,0.400669,0.149,5.64,GB
absinthe,0.14228,-0.257,0.007733,0.449,3.53,GB
achieve,0.876856,0.028,0.082632,0.302,7.75,GB
affordable,0.835452,0.037,0.003425,0.488,7.52,GB
answer,0.067353,0.317,0.002639,0.499,6.1,GB
appetite,0.481645,-0.125,0.222815,0.215,6.23,GB
asthmatic,0.06013,-0.326,0.002501,-0.502,3.33,GB
annoyance,0.813832,-0.042,0.690353,-0.071,2.95,GB
audacity,0.577573,0.099,0.099427,0.287,5.2,GB
actuality,0.132387,0.263,0.96263,-0.008,5.4,GB
aids,0.196723,-0.227,0.030886,-0.371,3.52,GB
accuracy,0.781974,0.049,0.113126,-0.277,6.32,GB
arterial,0.408618,-0.146,0.20938,-0.221,3.95,GB
aggressor,0.257293,0.2,0.278434,-0.191,2.8,GB
athlete,0.555632,-0.105,0.00689,0.455,6.21,GB
atrocious,0.412666,-0.145,0.236614,0.209,3.14,GB
autographed,0.057035,0.33,0.009271,-0.44,6.14,GB
amorous,0.909008,-0.02,0.258035,-0.199,5.95,GB
ark,0.241999,-0.206,0.280152,0.191,6.15,GB
angiogram,0.910153,-0.02,0.657945,0.079,4.19,GB
artistic,0.497526,-0.12,0.320066,0.176,7,GB
audit,0.303853,0.182,0.104072,0.284,2.82,GB
acoustics,0.275994,0.192,0.268515,0.195,6.33,GB
associate,0.254622,0.201,0.390209,-0.152,5.2,GB
absorb,0.363797,0.161,0.015272,-0.413,5.5,GB
aftershave,0.315068,0.178,0.007415,0.451,5.55,GB
asthma,0.844526,0.035,0.331084,0.172,2.45,GB
anemia,0.52724,-0.112,0.026935,-0.379,3.05,GB
analyst,0.872788,0.029,0.563133,0.103,5,GB
aware,0.150443,0.252,0.003621,0.485,6.86,GB
agitation,0.747169,0.057,0.095749,-0.29,2.84,GB
arcade,0.357259,-0.163,0.033623,-0.365,6.45,GB
aorta,0.051782,-0.336,0.178197,-0.236,4.35,GB
adequate,0.49643,-0.121,0.005479,-0.466,4.7,GB
assignment,0.182194,-0.234,0.528183,0.112,5.39,GB
awed,0.781313,0.049,0.272587,0.194,6.05,GB
abode,0.375148,0.157,0.207326,0.222,5.28,GB
asparagus,0.042153,-0.35,0.005837,0.463,5.43,GB
advertisement,0.746563,0.058,0.590695,-0.096,4.3,GB
archaic,0.108731,-0.28,0.02314,-0.389,4.5,GB
army,0.666596,-0.077,0.460457,-0.131,4.65,GB
assessment,0.120603,-0.271,0.005564,0.465,5.22,GB
ascending,0.9209,0.018,0.685886,-0.072,5.14,GB
adjustment,0.307896,0.18,0.032807,-0.367,5.53,GB
awning,0.039587,-0.355,0.201434,0.225,5.79,GB
activate,0.481964,-0.125,0.096235,0.29,5.7,GB
avenge,0.544767,-0.108,0.473076,0.127,4.05,GB
aging,0.313115,0.178,0.80844,0.043,3,GB
alleyway,0.735845,0.06,0.000567,0.56,3.46,GB
aquamarine,0.316067,0.177,0.275543,0.192,6.4,GB
armory,0.070017,-0.315,0.665664,0.077,5.25,GB
accelerate,0.074707,0.31,0.022898,-0.389,6.1,GB
adjust,0.16859,0.242,0.442567,0.136,5.76,GB
alpine,0.224663,-0.214,0.651393,-0.08,5.84,GB
adulterer,0.761492,0.054,0.993181,0.002,2.77,GB
afford,0.235506,-0.209,0.164629,-0.244,6.56,GB
alternate,0.211688,-0.22,0.030897,-0.371,5.15,GB
anarchist,0.008691,0.443,0.500576,-0.12,2.76,GB
AIDS,0.129728,0.265,0.309442,0.18,1.33,GB
adept,0.959997,0.009,0.088704,0.296,6.14,GB
abracadabra,0.700489,0.068,0.669114,-0.076,5.11,GB
adjoining,0.891315,-0.024,0.05646,-0.33,5.06,GB
automated,0.52491,-0.113,0.335886,0.17,4.74,GB
announcement,0.765101,-0.053,0.312237,-0.179,5.81,GB
apprehend,0.196207,-0.227,0.594036,0.095,4.14,GB
apt,0.621747,0.088,0.422508,-0.142,5.64,GB
accomplish,0.747306,0.057,0.020853,0.395,7.45,GB
allied,0.117624,0.273,0.048814,-0.34,5.95,GB
availability,0.658099,0.079,0.710875,-0.066,5.68,GB
agent,0.512444,-0.116,0.173686,0.239,5.23,GB
anointed,0.437452,-0.138,0.780462,0.05,4.79,GB
audience,0.185053,0.233,0.012278,0.425,5.89,GB
avoid,0.690493,0.071,0.005882,0.463,4.1,GB
ache,0.826351,-0.039,0.157812,0.248,3.27,GB
android,0.535525,0.11,0.10453,0.283,5.62,GB
anthem,0.010761,0.432,0.091897,0.294,5.95,GB
arch,0.401955,-0.148,0.020728,-0.395,5.8,GB
aneurysm,0.058131,-0.328,0.661136,-0.078,2.5,GB
astronaut,0.89008,-0.025,0.707327,0.067,6.73,GB
adrenalin,0.537941,-0.109,0.211941,0.22,6.33,GB
awareness,0.860239,-0.031,0.07021,0.314,6.45,GB
afire,0.680768,0.073,0.500077,0.12,6.05,GB
atrocity,0.98015,-0.004,0.000291,0.584,2.95,GB
attitude,0.760192,0.054,0.00425,-0.478,4.72,GB
attitude,0.760192,0.054,1.70E-11,-0.699,5.72727,FR
admissible,0.256611,0.2,0.341073,-0.168,5.16,GB
aortic,0.29421,0.185,0.524211,0.113,4.25,GB
airborne,0.891859,0.024,0.274304,-0.193,5.25,GB
anal,0.04284,-0.349,0.251738,-0.202,4,GB
attempt,0.858291,-0.032,0.000628,-0.557,6,GB
additional,0.526805,0.112,0.997474,-0.001,6.15,GB
adult,0.327143,0.173,0.006187,-0.46,5.9,GB
almighty,0.215226,-0.218,0.462975,-0.13,6.15,GB
aspirin,0.082936,0.302,0.051996,0.336,5.3,GB
avenging,0.719989,0.064,0.176393,0.237,4.89,GB
attorney,0.826548,0.039,0.383304,0.154,3.67,GB
aura,0.528806,-0.112,0.42038,0.143,6.45,GB
assimilate,0.978244,-0.005,0.333165,-0.171,4.63,GB
art,0.22054,-0.216,0.982105,0.004,6.85,GB
art,0.22054,-0.216,0.072955,0.216,7.18987,FR
analyze,0.729378,-0.062,0.009983,0.436,5.65,GB
abysmal,0.745825,-0.058,0.317984,0.177,3.45,GB
antiques,0.616054,0.089,0.255216,0.201,6.63,GB
adage,0.897748,0.023,0.24682,0.204,5.55,GB
authorize,0.994415,0.001,0.174942,0.238,5.37,GB
administer,0.650302,0.081,0.156409,-0.249,4.4,GB
airhead,0.065066,-0.32,0.431045,0.14,4.1,GB
archery,0.99703,-0.001,0.628277,0.086,5.25,GB
ass,0.359878,0.162,0.057764,0.329,5.45,GB
active,0.913784,0.019,0.002971,-0.494,6.47,GB
amusing,0.319434,0.176,0.227601,-0.212,7.6,GB
atheist,0.186178,-0.232,0.030885,0.371,4.64,GB
atmosphere,0.070393,0.314,0.000867,-0.545,6.05,GB
awkward,0.051567,-0.337,0.056031,0.331,2.95,GB
antics,0.641232,-0.083,0.079923,0.305,3.95,GB
acquire,0.655117,-0.079,0.158036,-0.248,5.5,GB
alcove,0.763871,-0.053,0.044197,0.347,5.5,GB
arcane,0.205517,-0.223,0.085707,0.299,5.25,GB
abandon,0.085264,-0.3,0.0124,-0.424,2.84,GB
abortion,0.735982,0.06,0.254655,-0.201,2.58,GB
auditor,0.021841,0.392,0.605662,-0.092,3.26,GB
accelerated,0.496563,-0.121,0.000996,-0.539,6.21,GB
acorn,0.282314,0.19,0.080317,-0.304,5.85,GB
agricultural,0.211071,-0.22,0.001346,-0.528,5.5,GB
annex,0.596706,-0.094,0.263242,0.197,4.41,GB
autograph,0.914071,0.019,0.329351,-0.172,6.21,GB
abreast,0.42676,-0.141,0.200238,-0.225,4.62,GB
abnormality,0.921473,-0.018,0.008081,-0.447,3.05,GB
absolute,0.470275,0.128,0.002307,-0.505,5.43,GB
